gamma,alpha,r,s,d,min_loss
13.050284371622348,7.511842766957027,9.370412289252945,-9.353674636743007,4.973317786430987,373.0935829302681
