gamma,alpha,r,s,d,min_loss
-0.30479532311857027,-4.6190363530347245,8.073270905017917,5.383506473265504,4.490766783514693,334.02969407433
