gamma,alpha,r,s,d,min_loss
-23.77097409880233,85.44026441698333,5.9501215851186995,-0.9142205047521063,-61.47423072740072,933.6676174217945
