gamma,alpha,r,s,d,min_loss
-0.9710806334306094,17.014359809453197,17.676226195991028,1.3459370975802871,-9.456471524510382,1976.2886442130314
