gamma,alpha,r,s,d,min_loss
28.558354354706076,19.092822255236197,20.178833578838617,-0.5204322193381071,-30.218951620635178,4471.222876952508
