gamma,alpha,r,s,d,min_loss
-2.0145291,3.1364686,14.10811538,3.12452469,-0.43983213,1151.3691482607983
