gamma,alpha,r,s,d,min_loss
4.0889884167655115,37.070308693245195,7.736002712547158,5.276029619501194,5.605538415050166,1022.1143372532326
