gamma,alpha,r,s,d,min_loss
15.633351259980643,41.01149725538816,9.146500483911051,-0.17530762577901232,-18.152126769061763,5234.364596427461
