gamma,alpha,r,s,d,min_loss
5.934842731401164,19.2284548757593,12.944432155254463,-1.6952310051470305,0.2162080027124293,2231.0840387871503
