gamma,alpha,r,s,d,min_loss
-1.93816397358304,0.154149879511701,9.681668743221556,-0.8924415685682339,1.6659062552542543,1101.0698843597654
