gamma,alpha,r,s,d,min_loss
18.362304137977855,13.947236910345614,6.8790624841567904,3.4944037658663913,-2.945257966831618,9.031536121097464e-13
