gamma,alpha,r,s,d,min_loss
3.8251016612660287,-1.1922638964245174,0.657391442431335,2.1169360339034196,0.7631090893799131,9.031536121097464e-13
