gamma,alpha,r,s,d,min_loss
31.66533968184241,13.443533215513032,8.53110431373402,26.071582489785055,2.2174558880673336,
