gamma,alpha,r,s,d,min_loss
21.4551249047713,12.374579379779894,10.221754993694834,0.6997629804729675,1.9484929672580216,
