gamma,alpha,r,s,d,min_loss
21.334818885714284, 25.298070371428572, 15.07551823, 3.74497795, 0.04143192,1127.6561624726999