gamma,alpha,r,s,d,min_loss
64.91278412796729,3.4271930708554796,34.787450246811545,1.2356315233961586,4.252385072215403,
