gamma,alpha,r,s,d,min_loss
43.69630119595627,5.903733531621304,12.085722342404804,2.6016252420714427,0.8475456532496711,
