gamma,alpha,r,s,d,min_loss
23.586163074182537,14.375117493335198,4.363786442794879,0.6444889484729176,4.468368879790027,
